REV_deg_Rob0,REV_deg_Rob1,REV_deg_Rob2,REV_deg_Rob3
0.0,0.0,0.0,0.0
6.31840086,0.15526184999999998,0.1586541,0.15599299
