BTC_G_deg_Rob0,BTC_G_deg_Rob1,BTC_G_deg_Rob2,BTC_G_deg_Rob3
0.0,0.0,0.0,0.0
6.3201119,0.17565308,0.16040888,0.16967107
