DEG_deg_Rob0,DEG_deg_Rob1,DEG_deg_Rob2,DEG_deg_Rob3
0.0,0.0,0.0,0.0
6.32593167,0.16971791,0.16745124,0.16507451
