DEG_gained_value,DEG_per_alloc_exec_time
75.60081466395113,0.01063758134841919
