REV_gained_value,REV_per_alloc_exec_time
79.36863543788188,0.0016017556190490723
